Year,age,gender,education,income,count
01/01/2008 12:00:00 AM,0,1,0,0,650889.0
01/01/2008 12:00:00 AM,0,1,0,0,30152.0
01/01/2008 12:00:00 AM,0,1,0,0,7092.0
01/01/2008 12:00:00 AM,0,1,0,0,3974.0
01/01/2008 12:00:00 AM,0,1,0,1,2606.0
01/01/2008 12:00:00 AM,0,1,0,1,2227.0
01/01/2008 12:00:00 AM,0,1,1,0,8664.0
01/01/2008 12:00:00 AM,0,1,1,0,1304.0
01/01/2008 12:00:00 AM,0,1,1,0,3465.0
01/01/2008 12:00:00 AM,0,0,0,0,635274.0
01/01/2008 12:00:00 AM,0,0,0,0,33202.0
01/01/2008 12:00:00 AM,0,0,0,0,6857.0
01/01/2008 12:00:00 AM,0,0,0,0,2009.0
01/01/2008 12:00:00 AM,0,0,0,0,4711.0
01/01/2008 12:00:00 AM,0,0,0,0,7672.0
01/01/2008 12:00:00 AM,0,0,1,0,7598.0
01/01/2008 12:00:00 AM,0,0,1,0,1565.0
01/01/2008 12:00:00 AM,1,1,0,0,261172.0
01/01/2008 12:00:00 AM,1,1,0,0,163263.0
01/01/2008 12:00:00 AM,1,1,0,0,317119.0
01/01/2008 12:00:00 AM,1,1,0,0,573769.0
01/01/2008 12:00:00 AM,1,1,0,1,333713.0
01/01/2008 12:00:00 AM,1,1,0,1,222761.0
01/01/2008 12:00:00 AM,1,1,0,1,109200.0
01/01/2008 12:00:00 AM,1,1,0,1,44291.0
01/01/2008 12:00:00 AM,1,1,0,0,296555.0
01/01/2008 12:00:00 AM,1,1,0,0,187833.0
01/01/2008 12:00:00 AM,1,1,0,0,229724.0
01/01/2008 12:00:00 AM,1,1,0,0,501296.0
01/01/2008 12:00:00 AM,1,1,0,1,433340.0
01/01/2008 12:00:00 AM,1,1,0,1,472466.0
01/01/2008 12:00:00 AM,1,1,0,1,424046.0
01/01/2008 12:00:00 AM,1,1,0,1,175104.0
01/01/2008 12:00:00 AM,1,1,1,0,237810.0
01/01/2008 12:00:00 AM,1,1,1,0,211318.0
01/01/2008 12:00:00 AM,1,1,1,0,224732.0
01/01/2008 12:00:00 AM,1,1,1,0,416638.0
01/01/2008 12:00:00 AM,1,1,1,1,418686.0
01/01/2008 12:00:00 AM,1,1,1,1,539958.0
01/01/2008 12:00:00 AM,1,1,1,1,591795.0
01/01/2008 12:00:00 AM,1,1,1,1,478470.0
01/01/2008 12:00:00 AM,1,1,1,0,94464.0
01/01/2008 12:00:00 AM,1,1,1,0,52069.0
01/01/2008 12:00:00 AM,1,1,1,0,88070.0
01/01/2008 12:00:00 AM,1,1,1,0,201443.0
01/01/2008 12:00:00 AM,1,1,1,1,236263.0
01/01/2008 12:00:00 AM,1,1,1,1,387555.0
01/01/2008 12:00:00 AM,1,1,1,1,690627.0
01/01/2008 12:00:00 AM,1,1,1,1,1456566.0
01/01/2008 12:00:00 AM,1,0,0,0,740143.0
01/01/2008 12:00:00 AM,1,0,0,0,252509.0
01/01/2008 12:00:00 AM,1,0,0,0,229721.0
01/01/2008 12:00:00 AM,1,0,0,0,317043.0
01/01/2008 12:00:00 AM,1,0,0,1,93849.0
01/01/2008 12:00:00 AM,1,0,0,1,51599.0
01/01/2008 12:00:00 AM,1,0,0,1,15192.0
01/01/2008 12:00:00 AM,1,0,0,1,4233.0
01/01/2008 12:00:00 AM,1,0,0,0,528876.0
01/01/2008 12:00:00 AM,1,0,0,0,241389.0
01/01/2008 12:00:00 AM,1,0,0,0,241913.0
01/01/2008 12:00:00 AM,1,0,0,0,420710.0
01/01/2008 12:00:00 AM,1,0,0,1,293265.0
01/01/2008 12:00:00 AM,1,0,0,1,249327.0
01/01/2008 12:00:00 AM,1,0,0,1,131571.0
01/01/2008 12:00:00 AM,1,0,0,1,59350.0
01/01/2008 12:00:00 AM,1,0,1,0,451575.0
01/01/2008 12:00:00 AM,1,0,1,0,327251.0
01/01/2008 12:00:00 AM,1,0,1,0,334679.0
01/01/2008 12:00:00 AM,1,0,1,0,497615.0
01/01/2008 12:00:00 AM,1,0,1,1,496456.0
01/01/2008 12:00:00 AM,1,0,1,1,536363.0
01/01/2008 12:00:00 AM,1,0,1,1,345723.0
01/01/2008 12:00:00 AM,1,0,1,1,179877.0
01/01/2008 12:00:00 AM,1,0,1,0,224757.0
01/01/2008 12:00:00 AM,1,0,1,0,131590.0
01/01/2008 12:00:00 AM,1,0,1,0,148626.0
01/01/2008 12:00:00 AM,1,0,1,0,345795.0
01/01/2008 12:00:00 AM,1,0,1,1,320338.0
01/01/2008 12:00:00 AM,1,0,1,1,503031.0
01/01/2008 12:00:00 AM,1,0,1,1,770798.0
01/01/2008 12:00:00 AM,1,0,1,1,781211.0
01/01/2008 12:00:00 AM,2,1,0,0,33353.0
01/01/2008 12:00:00 AM,2,1,0,0,71652.0
01/01/2008 12:00:00 AM,2,1,0,0,124247.0
01/01/2008 12:00:00 AM,2,1,0,0,69185.0
01/01/2008 12:00:00 AM,2,1,0,1,16279.0
01/01/2008 12:00:00 AM,2,1,0,1,21985.0
01/01/2008 12:00:00 AM,2,1,0,1,13271.0
01/01/2008 12:00:00 AM,2,1,0,1,5801.0
01/01/2008 12:00:00 AM,2,1,0,0,8278.0
01/01/2008 12:00:00 AM,2,1,0,0,46783.0
01/01/2008 12:00:00 AM,2,1,0,0,75602.0
01/01/2008 12:00:00 AM,2,1,0,0,108184.0
01/01/2008 12:00:00 AM,2,1,0,1,37651.0
01/01/2008 12:00:00 AM,2,1,0,1,48804.0
01/01/2008 12:00:00 AM,2,1,0,1,27164.0
01/01/2008 12:00:00 AM,2,1,0,1,8527.0
01/01/2008 12:00:00 AM,2,1,1,0,1923.0
01/01/2008 12:00:00 AM,2,1,1,0,21902.0
01/01/2008 12:00:00 AM,2,1,1,0,66280.0
01/01/2008 12:00:00 AM,2,1,1,0,108057.0
01/01/2008 12:00:00 AM,2,1,1,1,62955.0
01/01/2008 12:00:00 AM,2,1,1,1,46427.0
01/01/2008 12:00:00 AM,2,1,1,1,22443.0
01/01/2008 12:00:00 AM,2,1,1,1,34723.0
01/01/2008 12:00:00 AM,2,1,1,0,25141.0
01/01/2008 12:00:00 AM,2,1,1,0,27004.0
01/01/2008 12:00:00 AM,2,1,1,0,43599.0
01/01/2008 12:00:00 AM,2,1,1,0,70274.0
01/01/2008 12:00:00 AM,2,1,1,1,51983.0
01/01/2008 12:00:00 AM,2,1,1,1,73084.0
01/01/2008 12:00:00 AM,2,1,1,1,82823.0
01/01/2008 12:00:00 AM,2,1,1,1,161013.0
01/01/2008 12:00:00 AM,2,0,0,0,69280.0
01/01/2008 12:00:00 AM,2,0,0,0,178234.0
01/01/2008 12:00:00 AM,2,0,0,0,182135.0
01/01/2008 12:00:00 AM,2,0,0,0,42275.0
01/01/2008 12:00:00 AM,2,0,0,1,14645.0
01/01/2008 12:00:00 AM,2,0,0,1,8109.0
01/01/2008 12:00:00 AM,2,0,0,1,8297.0
01/01/2008 12:00:00 AM,2,0,0,1,1981.0
01/01/2008 12:00:00 AM,2,0,0,0,34242.0
01/01/2008 12:00:00 AM,2,0,0,0,188067.0
01/01/2008 12:00:00 AM,2,0,0,0,156811.0
01/01/2008 12:00:00 AM,2,0,0,0,164592.0
01/01/2008 12:00:00 AM,2,0,0,1,78590.0
01/01/2008 12:00:00 AM,2,0,0,1,34003.0
01/01/2008 12:00:00 AM,2,0,0,1,29183.0
01/01/2008 12:00:00 AM,2,0,0,1,12086.0
01/01/2008 12:00:00 AM,2,0,1,0,12954.0
01/01/2008 12:00:00 AM,2,0,1,0,93823.0
01/01/2008 12:00:00 AM,2,0,1,0,120242.0
01/01/2008 12:00:00 AM,2,0,1,0,149462.0
01/01/2008 12:00:00 AM,2,0,1,1,73070.0
01/01/2008 12:00:00 AM,2,0,1,1,48577.0
01/01/2008 12:00:00 AM,2,0,1,1,27158.0
01/01/2008 12:00:00 AM,2,0,1,1,35445.0
01/01/2008 12:00:00 AM,2,0,1,0,12915.0
01/01/2008 12:00:00 AM,2,0,1,0,50596.0
01/01/2008 12:00:00 AM,2,0,1,0,54641.0
01/01/2008 12:00:00 AM,2,0,1,0,42390.0
01/01/2008 12:00:00 AM,2,0,1,1,42705.0
01/01/2008 12:00:00 AM,2,0,1,1,75697.0
01/01/2008 12:00:00 AM,2,0,1,1,64954.0
01/01/2008 12:00:00 AM,2,0,1,1,60942.0
01/01/2009 12:00:00 AM,0,1,0,0,629969.0
01/01/2009 12:00:00 AM,0,1,0,0,41863.0
01/01/2009 12:00:00 AM,0,1,0,0,7651.0
01/01/2009 12:00:00 AM,0,1,0,0,3222.0
01/01/2009 12:00:00 AM,0,1,0,1,1829.0
01/01/2009 12:00:00 AM,0,1,0,0,1185.0
01/01/2009 12:00:00 AM,0,1,0,0,2520.0
01/01/2009 12:00:00 AM,0,1,1,0,2887.0
01/01/2009 12:00:00 AM,0,1,1,0,1117.0
01/01/2009 12:00:00 AM,0,1,1,0,1878.0
01/01/2009 12:00:00 AM,0,1,1,0,2754.0
01/01/2009 12:00:00 AM,0,0,0,0,648149.0
01/01/2009 12:00:00 AM,0,0,0,0,29280.0
01/01/2009 12:00:00 AM,0,0,0,0,11341.0
01/01/2009 12:00:00 AM,0,0,0,1,1800.0
01/01/2009 12:00:00 AM,0,0,0,1,1797.0
01/01/2009 12:00:00 AM,0,0,0,0,9209.0
01/01/2009 12:00:00 AM,0,0,0,0,3169.0
01/01/2009 12:00:00 AM,0,0,0,0,1294.0
01/01/2009 12:00:00 AM,0,0,1,0,4408.0
01/01/2009 12:00:00 AM,0,0,1,0,1780.0
01/01/2009 12:00:00 AM,1,1,0,0,280947.0
01/01/2009 12:00:00 AM,1,1,0,0,229865.0
01/01/2009 12:00:00 AM,1,1,0,0,278224.0
01/01/2009 12:00:00 AM,1,1,0,0,534542.0
01/01/2009 12:00:00 AM,1,1,0,1,307653.0
01/01/2009 12:00:00 AM,1,1,0,1,247159.0
01/01/2009 12:00:00 AM,1,1,0,1,79922.0
01/01/2009 12:00:00 AM,1,1,0,1,48803.0
01/01/2009 12:00:00 AM,1,1,0,0,296927.0
01/01/2009 12:00:00 AM,1,1,0,0,216871.0
01/01/2009 12:00:00 AM,1,1,0,0,213345.0
01/01/2009 12:00:00 AM,1,1,0,0,503750.0
01/01/2009 12:00:00 AM,1,1,0,1,440200.0
01/01/2009 12:00:00 AM,1,1,0,1,481130.0
01/01/2009 12:00:00 AM,1,1,0,1,350784.0
01/01/2009 12:00:00 AM,1,1,0,1,190948.0
01/01/2009 12:00:00 AM,1,1,1,0,212039.0
01/01/2009 12:00:00 AM,1,1,1,0,235730.0
01/01/2009 12:00:00 AM,1,1,1,0,288174.0
01/01/2009 12:00:00 AM,1,1,1,0,392488.0
01/01/2009 12:00:00 AM,1,1,1,1,375408.0
01/01/2009 12:00:00 AM,1,1,1,1,486983.0
01/01/2009 12:00:00 AM,1,1,1,1,584200.0
01/01/2009 12:00:00 AM,1,1,1,1,521502.0
01/01/2009 12:00:00 AM,1,1,1,0,88688.0
01/01/2009 12:00:00 AM,1,1,1,0,70367.0
01/01/2009 12:00:00 AM,1,1,1,0,84122.0
01/01/2009 12:00:00 AM,1,1,1,0,201713.0
01/01/2009 12:00:00 AM,1,1,1,1,251200.0
01/01/2009 12:00:00 AM,1,1,1,1,366170.0
01/01/2009 12:00:00 AM,1,1,1,1,682775.0
01/01/2009 12:00:00 AM,1,1,1,1,1497839.0
01/01/2009 12:00:00 AM,1,0,0,0,654156.0
01/01/2009 12:00:00 AM,1,0,0,0,248027.0
01/01/2009 12:00:00 AM,1,0,0,0,255296.0
01/01/2009 12:00:00 AM,1,0,0,0,359624.0
01/01/2009 12:00:00 AM,1,0,0,1,86580.0
01/01/2009 12:00:00 AM,1,0,0,1,30741.0
01/01/2009 12:00:00 AM,1,0,0,1,24592.0
01/01/2009 12:00:00 AM,1,0,0,1,10943.0
01/01/2009 12:00:00 AM,1,0,0,0,519946.0
01/01/2009 12:00:00 AM,1,0,0,0,234527.0
01/01/2009 12:00:00 AM,1,0,0,0,221787.0
01/01/2009 12:00:00 AM,1,0,0,0,450205.0
01/01/2009 12:00:00 AM,1,0,0,1,318602.0
01/01/2009 12:00:00 AM,1,0,0,1,234705.0
01/01/2009 12:00:00 AM,1,0,0,1,134763.0
01/01/2009 12:00:00 AM,1,0,0,1,57292.0
01/01/2009 12:00:00 AM,1,0,1,0,387007.0
01/01/2009 12:00:00 AM,1,0,1,0,345944.0
01/01/2009 12:00:00 AM,1,0,1,0,370518.0
01/01/2009 12:00:00 AM,1,0,1,0,647024.0
01/01/2009 12:00:00 AM,1,0,1,1,454455.0
01/01/2009 12:00:00 AM,1,0,1,1,459975.0
01/01/2009 12:00:00 AM,1,0,1,1,347119.0
01/01/2009 12:00:00 AM,1,0,1,1,200198.0
01/01/2009 12:00:00 AM,1,0,1,0,243154.0
01/01/2009 12:00:00 AM,1,0,1,0,160748.0
01/01/2009 12:00:00 AM,1,0,1,0,136360.0
01/01/2009 12:00:00 AM,1,0,1,0,311511.0
01/01/2009 12:00:00 AM,1,0,1,1,320129.0
01/01/2009 12:00:00 AM,1,0,1,1,495664.0
01/01/2009 12:00:00 AM,1,0,1,1,767013.0
01/01/2009 12:00:00 AM,1,0,1,1,682401.0
01/01/2009 12:00:00 AM,2,1,0,0,18196.0
01/01/2009 12:00:00 AM,2,1,0,0,71415.0
01/01/2009 12:00:00 AM,2,1,0,0,98666.0
01/01/2009 12:00:00 AM,2,1,0,0,72908.0
01/01/2009 12:00:00 AM,2,1,0,1,41437.0
01/01/2009 12:00:00 AM,2,1,0,1,24599.0
01/01/2009 12:00:00 AM,2,1,0,1,18475.0
01/01/2009 12:00:00 AM,2,1,0,1,2915.0
01/01/2009 12:00:00 AM,2,1,0,0,11528.0
01/01/2009 12:00:00 AM,2,1,0,0,37770.0
01/01/2009 12:00:00 AM,2,1,0,0,71193.0
01/01/2009 12:00:00 AM,2,1,0,0,64082.0
01/01/2009 12:00:00 AM,2,1,0,1,50987.0
01/01/2009 12:00:00 AM,2,1,0,1,59302.0
01/01/2009 12:00:00 AM,2,1,0,1,35227.0
01/01/2009 12:00:00 AM,2,1,0,1,23963.0
01/01/2009 12:00:00 AM,2,1,1,0,17061.0
01/01/2009 12:00:00 AM,2,1,1,0,23224.0
01/01/2009 12:00:00 AM,2,1,1,0,30456.0
01/01/2009 12:00:00 AM,2,1,1,0,88779.0
01/01/2009 12:00:00 AM,2,1,1,1,55910.0
01/01/2009 12:00:00 AM,2,1,1,1,69546.0
01/01/2009 12:00:00 AM,2,1,1,1,39410.0
01/01/2009 12:00:00 AM,2,1,1,1,58478.0
01/01/2009 12:00:00 AM,2,1,1,0,6660.0
01/01/2009 12:00:00 AM,2,1,1,0,34492.0
01/01/2009 12:00:00 AM,2,1,1,0,36484.0
01/01/2009 12:00:00 AM,2,1,1,0,52607.0
01/01/2009 12:00:00 AM,2,1,1,1,76215.0
01/01/2009 12:00:00 AM,2,1,1,1,77792.0
01/01/2009 12:00:00 AM,2,1,1,1,109490.0
01/01/2009 12:00:00 AM,2,1,1,1,212440.0
01/01/2009 12:00:00 AM,2,0,0,0,73024.0
01/01/2009 12:00:00 AM,2,0,0,0,178289.0
01/01/2009 12:00:00 AM,2,0,0,0,149933.0
01/01/2009 12:00:00 AM,2,0,0,0,64958.0
01/01/2009 12:00:00 AM,2,0,0,1,20186.0
01/01/2009 12:00:00 AM,2,0,0,1,4060.0
01/01/2009 12:00:00 AM,2,0,0,1,7703.0
01/01/2009 12:00:00 AM,2,0,0,1,1398.0
01/01/2009 12:00:00 AM,2,0,0,0,43907.0
01/01/2009 12:00:00 AM,2,0,0,0,116176.0
01/01/2009 12:00:00 AM,2,0,0,0,151357.0
01/01/2009 12:00:00 AM,2,0,0,0,152036.0
01/01/2009 12:00:00 AM,2,0,0,1,58811.0
01/01/2009 12:00:00 AM,2,0,0,1,27349.0
01/01/2009 12:00:00 AM,2,0,0,1,42710.0
01/01/2009 12:00:00 AM,2,0,0,1,19659.0
01/01/2009 12:00:00 AM,2,0,1,0,12106.0
01/01/2009 12:00:00 AM,2,0,1,0,75617.0
01/01/2009 12:00:00 AM,2,0,1,0,89119.0
01/01/2009 12:00:00 AM,2,0,1,0,140082.0
01/01/2009 12:00:00 AM,2,0,1,1,81764.0
01/01/2009 12:00:00 AM,2,0,1,1,59529.0
01/01/2009 12:00:00 AM,2,0,1,1,57036.0
01/01/2009 12:00:00 AM,2,0,1,1,33358.0
01/01/2009 12:00:00 AM,2,0,1,0,10741.0
01/01/2009 12:00:00 AM,2,0,1,0,57811.0
01/01/2009 12:00:00 AM,2,0,1,0,70495.0
01/01/2009 12:00:00 AM,2,0,1,0,85667.0
01/01/2009 12:00:00 AM,2,0,1,1,58901.0
01/01/2009 12:00:00 AM,2,0,1,1,68234.0
01/01/2009 12:00:00 AM,2,0,1,1,61489.0
01/01/2009 12:00:00 AM,2,0,1,1,57029.0
01/01/2010 12:00:00 AM,0,1,0,0,596761.0
01/01/2010 12:00:00 AM,0,1,0,0,21116.0
01/01/2010 12:00:00 AM,0,1,0,0,5345.0
01/01/2010 12:00:00 AM,0,1,0,0,9139.0
01/01/2010 12:00:00 AM,0,1,0,1,3642.0
01/01/2010 12:00:00 AM,0,1,0,0,1817.0
01/01/2010 12:00:00 AM,0,1,1,0,2683.0
01/01/2010 12:00:00 AM,0,1,1,0,1434.0
01/01/2010 12:00:00 AM,0,1,1,1,1447.0
01/01/2010 12:00:00 AM,0,1,1,1,1192.0
01/01/2010 12:00:00 AM,0,0,0,0,610512.0
01/01/2010 12:00:00 AM,0,0,0,0,24781.0
01/01/2010 12:00:00 AM,0,0,0,0,6967.0
01/01/2010 12:00:00 AM,0,0,0,0,6386.0
01/01/2010 12:00:00 AM,0,0,0,0,5811.0
01/01/2010 12:00:00 AM,0,0,0,0,3641.0
01/01/2010 12:00:00 AM,0,0,0,0,1660.0
01/01/2010 12:00:00 AM,0,0,0,1,1048.0
01/01/2010 12:00:00 AM,0,0,1,0,2879.0
01/01/2010 12:00:00 AM,1,1,0,0,369566.0
01/01/2010 12:00:00 AM,1,1,0,0,226209.0
01/01/2010 12:00:00 AM,1,1,0,0,295536.0
01/01/2010 12:00:00 AM,1,1,0,0,535027.0
01/01/2010 12:00:00 AM,1,1,0,1,244978.0
01/01/2010 12:00:00 AM,1,1,0,1,192622.0
01/01/2010 12:00:00 AM,1,1,0,1,93885.0
01/01/2010 12:00:00 AM,1,1,0,1,38266.0
01/01/2010 12:00:00 AM,1,1,0,0,345253.0
01/01/2010 12:00:00 AM,1,1,0,0,190829.0
01/01/2010 12:00:00 AM,1,1,0,0,209509.0
01/01/2010 12:00:00 AM,1,1,0,0,533513.0
01/01/2010 12:00:00 AM,1,1,0,1,412122.0
01/01/2010 12:00:00 AM,1,1,0,1,470369.0
01/01/2010 12:00:00 AM,1,1,0,1,339017.0
01/01/2010 12:00:00 AM,1,1,0,1,215851.0
01/01/2010 12:00:00 AM,1,1,1,0,310460.0
01/01/2010 12:00:00 AM,1,1,1,0,220408.0
01/01/2010 12:00:00 AM,1,1,1,0,234677.0
01/01/2010 12:00:00 AM,1,1,1,0,356706.0
01/01/2010 12:00:00 AM,1,1,1,1,374227.0
01/01/2010 12:00:00 AM,1,1,1,1,474116.0
01/01/2010 12:00:00 AM,1,1,1,1,581119.0
01/01/2010 12:00:00 AM,1,1,1,1,441967.0
01/01/2010 12:00:00 AM,1,1,1,0,108052.0
01/01/2010 12:00:00 AM,1,1,1,0,79453.0
01/01/2010 12:00:00 AM,1,1,1,0,127848.0
01/01/2010 12:00:00 AM,1,1,1,0,234951.0
01/01/2010 12:00:00 AM,1,1,1,1,239971.0
01/01/2010 12:00:00 AM,1,1,1,1,408505.0
01/01/2010 12:00:00 AM,1,1,1,1,624308.0
01/01/2010 12:00:00 AM,1,1,1,1,1424758.0
01/01/2010 12:00:00 AM,1,0,0,0,666858.0
01/01/2010 12:00:00 AM,1,0,0,0,236424.0
01/01/2010 12:00:00 AM,1,0,0,0,253247.0
01/01/2010 12:00:00 AM,1,0,0,0,287963.0
01/01/2010 12:00:00 AM,1,0,0,1,107504.0
01/01/2010 12:00:00 AM,1,0,0,1,35129.0
01/01/2010 12:00:00 AM,1,0,0,1,18515.0
01/01/2010 12:00:00 AM,1,0,0,1,15038.0
01/01/2010 12:00:00 AM,1,0,0,0,496567.0
01/01/2010 12:00:00 AM,1,0,0,0,252271.0
01/01/2010 12:00:00 AM,1,0,0,0,276576.0
01/01/2010 12:00:00 AM,1,0,0,0,436288.0
01/01/2010 12:00:00 AM,1,0,0,1,363540.0
01/01/2010 12:00:00 AM,1,0,0,1,225261.0
01/01/2010 12:00:00 AM,1,0,0,1,136694.0
01/01/2010 12:00:00 AM,1,0,0,1,43721.0
01/01/2010 12:00:00 AM,1,0,1,0,443607.0
01/01/2010 12:00:00 AM,1,0,1,0,374128.0
01/01/2010 12:00:00 AM,1,0,1,0,386929.0
01/01/2010 12:00:00 AM,1,0,1,0,567753.0
01/01/2010 12:00:00 AM,1,0,1,1,491109.0
01/01/2010 12:00:00 AM,1,0,1,1,442917.0
01/01/2010 12:00:00 AM,1,0,1,1,321434.0
01/01/2010 12:00:00 AM,1,0,1,1,184398.0
01/01/2010 12:00:00 AM,1,0,1,0,269680.0
01/01/2010 12:00:00 AM,1,0,1,0,168951.0
01/01/2010 12:00:00 AM,1,0,1,0,133220.0
01/01/2010 12:00:00 AM,1,0,1,0,325516.0
01/01/2010 12:00:00 AM,1,0,1,1,305706.0
01/01/2010 12:00:00 AM,1,0,1,1,516029.0
01/01/2010 12:00:00 AM,1,0,1,1,687153.0
01/01/2010 12:00:00 AM,1,0,1,1,755781.0
01/01/2010 12:00:00 AM,2,1,0,0,18733.0
01/01/2010 12:00:00 AM,2,1,0,0,75130.0
01/01/2010 12:00:00 AM,2,1,0,0,81385.0
01/01/2010 12:00:00 AM,2,1,0,0,81088.0
01/01/2010 12:00:00 AM,2,1,0,1,28729.0
01/01/2010 12:00:00 AM,2,1,0,1,27814.0
01/01/2010 12:00:00 AM,2,1,0,1,13619.0
01/01/2010 12:00:00 AM,2,1,0,1,8432.0
01/01/2010 12:00:00 AM,2,1,0,0,24958.0
01/01/2010 12:00:00 AM,2,1,0,0,30722.0
01/01/2010 12:00:00 AM,2,1,0,0,67289.0
01/01/2010 12:00:00 AM,2,1,0,0,79553.0
01/01/2010 12:00:00 AM,2,1,0,1,62167.0
01/01/2010 12:00:00 AM,2,1,0,1,38792.0
01/01/2010 12:00:00 AM,2,1,0,1,51319.0
01/01/2010 12:00:00 AM,2,1,0,1,20167.0
01/01/2010 12:00:00 AM,2,1,1,0,9228.0
01/01/2010 12:00:00 AM,2,1,1,0,23578.0
01/01/2010 12:00:00 AM,2,1,1,0,60002.0
01/01/2010 12:00:00 AM,2,1,1,0,98499.0
01/01/2010 12:00:00 AM,2,1,1,1,73522.0
01/01/2010 12:00:00 AM,2,1,1,1,46221.0
01/01/2010 12:00:00 AM,2,1,1,1,39453.0
01/01/2010 12:00:00 AM,2,1,1,1,51157.0
01/01/2010 12:00:00 AM,2,1,1,0,14892.0
01/01/2010 12:00:00 AM,2,1,1,0,28867.0
01/01/2010 12:00:00 AM,2,1,1,0,45842.0
01/01/2010 12:00:00 AM,2,1,1,0,111055.0
01/01/2010 12:00:00 AM,2,1,1,1,85110.0
01/01/2010 12:00:00 AM,2,1,1,1,64614.0
01/01/2010 12:00:00 AM,2,1,1,1,103469.0
01/01/2010 12:00:00 AM,2,1,1,1,192339.0
01/01/2010 12:00:00 AM,2,0,0,0,72036.0
01/01/2010 12:00:00 AM,2,0,0,0,136110.0
01/01/2010 12:00:00 AM,2,0,0,0,146005.0
01/01/2010 12:00:00 AM,2,0,0,0,57098.0
01/01/2010 12:00:00 AM,2,0,0,1,11302.0
01/01/2010 12:00:00 AM,2,0,0,1,8907.0
01/01/2010 12:00:00 AM,2,0,0,1,8606.0
01/01/2010 12:00:00 AM,2,0,0,1,4876.0
01/01/2010 12:00:00 AM,2,0,0,0,38084.0
01/01/2010 12:00:00 AM,2,0,0,0,138923.0
01/01/2010 12:00:00 AM,2,0,0,0,141254.0
01/01/2010 12:00:00 AM,2,0,0,0,138952.0
01/01/2010 12:00:00 AM,2,0,0,1,58847.0
01/01/2010 12:00:00 AM,2,0,0,1,40875.0
01/01/2010 12:00:00 AM,2,0,0,1,35909.0
01/01/2010 12:00:00 AM,2,0,0,1,22945.0
01/01/2010 12:00:00 AM,2,0,1,0,25882.0
01/01/2010 12:00:00 AM,2,0,1,0,104478.0
01/01/2010 12:00:00 AM,2,0,1,0,90675.0
01/01/2010 12:00:00 AM,2,0,1,0,152795.0
01/01/2010 12:00:00 AM,2,0,1,1,73450.0
01/01/2010 12:00:00 AM,2,0,1,1,55103.0
01/01/2010 12:00:00 AM,2,0,1,1,41076.0
01/01/2010 12:00:00 AM,2,0,1,1,30088.0
01/01/2010 12:00:00 AM,2,0,1,0,28702.0
01/01/2010 12:00:00 AM,2,0,1,0,75754.0
01/01/2010 12:00:00 AM,2,0,1,0,82404.0
01/01/2010 12:00:00 AM,2,0,1,0,107427.0
01/01/2010 12:00:00 AM,2,0,1,1,65563.0
01/01/2010 12:00:00 AM,2,0,1,1,76520.0
01/01/2010 12:00:00 AM,2,0,1,1,78561.0
01/01/2010 12:00:00 AM,2,0,1,1,73833.0
01/01/2011 12:00:00 AM,0,1,0,0,679824.0
01/01/2011 12:00:00 AM,0,1,0,0,22729.0
01/01/2011 12:00:00 AM,0,1,0,0,9049.0
01/01/2011 12:00:00 AM,0,1,0,0,10327.0
01/01/2011 12:00:00 AM,0,1,0,1,3220.0
01/01/2011 12:00:00 AM,0,1,0,1,1647.0
01/01/2011 12:00:00 AM,0,1,0,0,5434.0
01/01/2011 12:00:00 AM,0,1,0,0,1328.0
01/01/2011 12:00:00 AM,0,1,0,0,1312.0
01/01/2011 12:00:00 AM,0,1,1,0,4421.0
01/01/2011 12:00:00 AM,0,1,1,0,1324.0
01/01/2011 12:00:00 AM,0,1,1,1,1209.0
01/01/2011 12:00:00 AM,0,1,1,1,1618.0
01/01/2011 12:00:00 AM,0,1,1,0,2394.0
01/01/2011 12:00:00 AM,0,0,0,0,634048.0
01/01/2011 12:00:00 AM,0,0,0,0,25907.0
01/01/2011 12:00:00 AM,0,0,0,0,13283.0
01/01/2011 12:00:00 AM,0,0,0,0,6903.0
01/01/2011 12:00:00 AM,0,0,0,0,2561.0
01/01/2011 12:00:00 AM,0,0,1,0,4089.0
01/01/2011 12:00:00 AM,0,0,1,0,4503.0
01/01/2011 12:00:00 AM,0,0,1,1,1614.0
01/01/2011 12:00:00 AM,0,0,1,0,2859.0
01/01/2011 12:00:00 AM,1,1,0,0,359401.0
01/01/2011 12:00:00 AM,1,1,0,0,177781.0
01/01/2011 12:00:00 AM,1,1,0,0,288850.0
01/01/2011 12:00:00 AM,1,1,0,0,546856.0
01/01/2011 12:00:00 AM,1,1,0,1,295383.0
01/01/2011 12:00:00 AM,1,1,0,1,175841.0
01/01/2011 12:00:00 AM,1,1,0,1,100776.0
01/01/2011 12:00:00 AM,1,1,0,1,38335.0
01/01/2011 12:00:00 AM,1,1,0,0,450644.0
01/01/2011 12:00:00 AM,1,1,0,0,179616.0
01/01/2011 12:00:00 AM,1,1,0,0,264534.0
01/01/2011 12:00:00 AM,1,1,0,0,519889.0
01/01/2011 12:00:00 AM,1,1,0,1,422294.0
01/01/2011 12:00:00 AM,1,1,0,1,477882.0
01/01/2011 12:00:00 AM,1,1,0,1,387890.0
01/01/2011 12:00:00 AM,1,1,0,1,188373.0
01/01/2011 12:00:00 AM,1,1,1,0,331991.0
01/01/2011 12:00:00 AM,1,1,1,0,231167.0
01/01/2011 12:00:00 AM,1,1,1,0,288293.0
01/01/2011 12:00:00 AM,1,1,1,0,412679.0
01/01/2011 12:00:00 AM,1,1,1,1,353200.0
01/01/2011 12:00:00 AM,1,1,1,1,480546.0
01/01/2011 12:00:00 AM,1,1,1,1,489968.0
01/01/2011 12:00:00 AM,1,1,1,1,462728.0
01/01/2011 12:00:00 AM,1,1,1,0,113687.0
01/01/2011 12:00:00 AM,1,1,1,0,97326.0
01/01/2011 12:00:00 AM,1,1,1,0,126768.0
01/01/2011 12:00:00 AM,1,1,1,0,230412.0
01/01/2011 12:00:00 AM,1,1,1,1,248724.0
01/01/2011 12:00:00 AM,1,1,1,1,331666.0
01/01/2011 12:00:00 AM,1,1,1,1,644826.0
01/01/2011 12:00:00 AM,1,1,1,1,1396795.0
01/01/2011 12:00:00 AM,1,0,0,0,748885.0
01/01/2011 12:00:00 AM,1,0,0,0,246973.0
01/01/2011 12:00:00 AM,1,0,0,0,273029.0
01/01/2011 12:00:00 AM,1,0,0,0,301428.0
01/01/2011 12:00:00 AM,1,0,0,1,91755.0
01/01/2011 12:00:00 AM,1,0,0,1,57985.0
01/01/2011 12:00:00 AM,1,0,0,1,18925.0
01/01/2011 12:00:00 AM,1,0,0,1,7168.0
01/01/2011 12:00:00 AM,1,0,0,0,575559.0
01/01/2011 12:00:00 AM,1,0,0,0,291364.0
01/01/2011 12:00:00 AM,1,0,0,0,305265.0
01/01/2011 12:00:00 AM,1,0,0,0,425683.0
01/01/2011 12:00:00 AM,1,0,0,1,323001.0
01/01/2011 12:00:00 AM,1,0,0,1,311597.0
01/01/2011 12:00:00 AM,1,0,0,1,139946.0
01/01/2011 12:00:00 AM,1,0,0,1,51155.0
01/01/2011 12:00:00 AM,1,0,1,0,525597.0
01/01/2011 12:00:00 AM,1,0,1,0,367713.0
01/01/2011 12:00:00 AM,1,0,1,0,368797.0
01/01/2011 12:00:00 AM,1,0,1,0,542492.0
01/01/2011 12:00:00 AM,1,0,1,1,460822.0
01/01/2011 12:00:00 AM,1,0,1,1,427109.0
01/01/2011 12:00:00 AM,1,0,1,1,323702.0
01/01/2011 12:00:00 AM,1,0,1,1,194826.0
01/01/2011 12:00:00 AM,1,0,1,0,266304.0
01/01/2011 12:00:00 AM,1,0,1,0,121211.0
01/01/2011 12:00:00 AM,1,0,1,0,170533.0
01/01/2011 12:00:00 AM,1,0,1,0,314317.0
01/01/2011 12:00:00 AM,1,0,1,1,286343.0
01/01/2011 12:00:00 AM,1,0,1,1,483781.0
01/01/2011 12:00:00 AM,1,0,1,1,676522.0
01/01/2011 12:00:00 AM,1,0,1,1,777479.0
01/01/2011 12:00:00 AM,2,1,0,0,27629.0
01/01/2011 12:00:00 AM,2,1,0,0,63343.0
01/01/2011 12:00:00 AM,2,1,0,0,86809.0
01/01/2011 12:00:00 AM,2,1,0,0,80402.0
01/01/2011 12:00:00 AM,2,1,0,1,21236.0
01/01/2011 12:00:00 AM,2,1,0,1,20806.0
01/01/2011 12:00:00 AM,2,1,0,1,5966.0
01/01/2011 12:00:00 AM,2,1,0,1,1686.0
01/01/2011 12:00:00 AM,2,1,0,0,25812.0
01/01/2011 12:00:00 AM,2,1,0,0,16777.0
01/01/2011 12:00:00 AM,2,1,0,0,82082.0
01/01/2011 12:00:00 AM,2,1,0,0,107748.0
01/01/2011 12:00:00 AM,2,1,0,1,64250.0
01/01/2011 12:00:00 AM,2,1,0,1,34214.0
01/01/2011 12:00:00 AM,2,1,0,1,38236.0
01/01/2011 12:00:00 AM,2,1,0,1,9363.0
01/01/2011 12:00:00 AM,2,1,1,0,15250.0
01/01/2011 12:00:00 AM,2,1,1,0,37367.0
01/01/2011 12:00:00 AM,2,1,1,0,66646.0
01/01/2011 12:00:00 AM,2,1,1,0,100794.0
01/01/2011 12:00:00 AM,2,1,1,1,71541.0
01/01/2011 12:00:00 AM,2,1,1,1,54755.0
01/01/2011 12:00:00 AM,2,1,1,1,53447.0
01/01/2011 12:00:00 AM,2,1,1,1,64832.0
01/01/2011 12:00:00 AM,2,1,1,0,21851.0
01/01/2011 12:00:00 AM,2,1,1,0,28190.0
01/01/2011 12:00:00 AM,2,1,1,0,47668.0
01/01/2011 12:00:00 AM,2,1,1,0,106705.0
01/01/2011 12:00:00 AM,2,1,1,1,92725.0
01/01/2011 12:00:00 AM,2,1,1,1,87337.0
01/01/2011 12:00:00 AM,2,1,1,1,148745.0
01/01/2011 12:00:00 AM,2,1,1,1,175775.0
01/01/2011 12:00:00 AM,2,0,0,0,77617.0
01/01/2011 12:00:00 AM,2,0,0,0,175975.0
01/01/2011 12:00:00 AM,2,0,0,0,152780.0
01/01/2011 12:00:00 AM,2,0,0,0,68997.0
01/01/2011 12:00:00 AM,2,0,0,1,13821.0
01/01/2011 12:00:00 AM,2,0,0,1,10588.0
01/01/2011 12:00:00 AM,2,0,0,1,6419.0
01/01/2011 12:00:00 AM,2,0,0,1,2190.0
01/01/2011 12:00:00 AM,2,0,0,0,43062.0
01/01/2011 12:00:00 AM,2,0,0,0,140300.0
01/01/2011 12:00:00 AM,2,0,0,0,125104.0
01/01/2011 12:00:00 AM,2,0,0,0,148331.0
01/01/2011 12:00:00 AM,2,0,0,1,65587.0
01/01/2011 12:00:00 AM,2,0,0,1,52376.0
01/01/2011 12:00:00 AM,2,0,0,1,27438.0
01/01/2011 12:00:00 AM,2,0,0,1,10372.0
01/01/2011 12:00:00 AM,2,0,1,0,29080.0
01/01/2011 12:00:00 AM,2,0,1,0,107745.0
01/01/2011 12:00:00 AM,2,0,1,0,102391.0
01/01/2011 12:00:00 AM,2,0,1,0,152093.0
01/01/2011 12:00:00 AM,2,0,1,1,88513.0
01/01/2011 12:00:00 AM,2,0,1,1,43331.0
01/01/2011 12:00:00 AM,2,0,1,1,25292.0
01/01/2011 12:00:00 AM,2,0,1,1,33485.0
01/01/2011 12:00:00 AM,2,0,1,0,25829.0
01/01/2011 12:00:00 AM,2,0,1,0,49166.0
01/01/2011 12:00:00 AM,2,0,1,0,67525.0
01/01/2011 12:00:00 AM,2,0,1,0,114697.0
01/01/2011 12:00:00 AM,2,0,1,1,80989.0
01/01/2011 12:00:00 AM,2,0,1,1,58285.0
01/01/2011 12:00:00 AM,2,0,1,1,90812.0
01/01/2011 12:00:00 AM,2,0,1,1,75921.0
01/01/2012 12:00:00 AM,0,1,0,0,705113.0
01/01/2012 12:00:00 AM,0,1,0,0,28609.0
01/01/2012 12:00:00 AM,0,1,0,0,4166.0
01/01/2012 12:00:00 AM,0,1,0,0,9647.0
01/01/2012 12:00:00 AM,0,1,0,1,1104.0
01/01/2012 12:00:00 AM,0,1,0,1,1636.0
01/01/2012 12:00:00 AM,0,1,1,0,3208.0
01/01/2012 12:00:00 AM,0,1,1,0,1680.0
01/01/2012 12:00:00 AM,0,0,0,0,641084.0
01/01/2012 12:00:00 AM,0,0,0,0,27841.0
01/01/2012 12:00:00 AM,0,0,0,0,5318.0
01/01/2012 12:00:00 AM,0,0,0,0,2075.0
01/01/2012 12:00:00 AM,0,0,0,1,1553.0
01/01/2012 12:00:00 AM,0,0,0,0,6291.0
01/01/2012 12:00:00 AM,0,0,1,0,4102.0
01/01/2012 12:00:00 AM,0,0,1,0,1871.0
01/01/2012 12:00:00 AM,0,0,1,0,2046.0
01/01/2012 12:00:00 AM,0,0,1,0,1198.0
01/01/2012 12:00:00 AM,0,0,1,1,1198.0
01/01/2012 12:00:00 AM,1,1,0,0,357363.0
01/01/2012 12:00:00 AM,1,1,0,0,234399.0
01/01/2012 12:00:00 AM,1,1,0,0,296619.0
01/01/2012 12:00:00 AM,1,1,0,0,478466.0
01/01/2012 12:00:00 AM,1,1,0,1,285220.0
01/01/2012 12:00:00 AM,1,1,0,1,220388.0
01/01/2012 12:00:00 AM,1,1,0,1,85944.0
01/01/2012 12:00:00 AM,1,1,0,1,37162.0
01/01/2012 12:00:00 AM,1,1,0,0,453889.0
01/01/2012 12:00:00 AM,1,1,0,0,223998.0
01/01/2012 12:00:00 AM,1,1,0,0,291838.0
01/01/2012 12:00:00 AM,1,1,0,0,533300.0
01/01/2012 12:00:00 AM,1,1,0,1,403456.0
01/01/2012 12:00:00 AM,1,1,0,1,430104.0
01/01/2012 12:00:00 AM,1,1,0,1,387094.0
01/01/2012 12:00:00 AM,1,1,0,1,168064.0
01/01/2012 12:00:00 AM,1,1,1,0,385337.0
01/01/2012 12:00:00 AM,1,1,1,0,295051.0
01/01/2012 12:00:00 AM,1,1,1,0,254478.0
01/01/2012 12:00:00 AM,1,1,1,0,457806.0
01/01/2012 12:00:00 AM,1,1,1,1,366349.0
01/01/2012 12:00:00 AM,1,1,1,1,438565.0
01/01/2012 12:00:00 AM,1,1,1,1,449158.0
01/01/2012 12:00:00 AM,1,1,1,1,477728.0
01/01/2012 12:00:00 AM,1,1,1,0,143162.0
01/01/2012 12:00:00 AM,1,1,1,0,84310.0
01/01/2012 12:00:00 AM,1,1,1,0,92147.0
01/01/2012 12:00:00 AM,1,1,1,0,226292.0
01/01/2012 12:00:00 AM,1,1,1,1,229693.0
01/01/2012 12:00:00 AM,1,1,1,1,402570.0
01/01/2012 12:00:00 AM,1,1,1,1,552522.0
01/01/2012 12:00:00 AM,1,1,1,1,1511773.0
01/01/2012 12:00:00 AM,1,0,0,0,719609.0
01/01/2012 12:00:00 AM,1,0,0,0,279793.0
01/01/2012 12:00:00 AM,1,0,0,0,249688.0
01/01/2012 12:00:00 AM,1,0,0,0,335644.0
01/01/2012 12:00:00 AM,1,0,0,1,98037.0
01/01/2012 12:00:00 AM,1,0,0,1,31925.0
01/01/2012 12:00:00 AM,1,0,0,1,7581.0
01/01/2012 12:00:00 AM,1,0,0,1,4142.0
01/01/2012 12:00:00 AM,1,0,0,0,569172.0
01/01/2012 12:00:00 AM,1,0,0,0,289183.0
01/01/2012 12:00:00 AM,1,0,0,0,285836.0
01/01/2012 12:00:00 AM,1,0,0,0,478261.0
01/01/2012 12:00:00 AM,1,0,0,1,317656.0
01/01/2012 12:00:00 AM,1,0,0,1,255299.0
01/01/2012 12:00:00 AM,1,0,0,1,132765.0
01/01/2012 12:00:00 AM,1,0,0,1,55907.0
01/01/2012 12:00:00 AM,1,0,1,0,544361.0
01/01/2012 12:00:00 AM,1,0,1,0,375121.0
01/01/2012 12:00:00 AM,1,0,1,0,364362.0
01/01/2012 12:00:00 AM,1,0,1,0,609758.0
01/01/2012 12:00:00 AM,1,0,1,1,456854.0
01/01/2012 12:00:00 AM,1,0,1,1,471354.0
01/01/2012 12:00:00 AM,1,0,1,1,340166.0
01/01/2012 12:00:00 AM,1,0,1,1,200267.0
01/01/2012 12:00:00 AM,1,0,1,0,337101.0
01/01/2012 12:00:00 AM,1,0,1,0,181728.0
01/01/2012 12:00:00 AM,1,0,1,0,147701.0
01/01/2012 12:00:00 AM,1,0,1,0,283574.0
01/01/2012 12:00:00 AM,1,0,1,1,310527.0
01/01/2012 12:00:00 AM,1,0,1,1,485498.0
01/01/2012 12:00:00 AM,1,0,1,1,684421.0
01/01/2012 12:00:00 AM,1,0,1,1,829905.0
01/01/2012 12:00:00 AM,2,1,0,0,43797.0
01/01/2012 12:00:00 AM,2,1,0,0,66775.0
01/01/2012 12:00:00 AM,2,1,0,0,87788.0
01/01/2012 12:00:00 AM,2,1,0,0,75781.0
01/01/2012 12:00:00 AM,2,1,0,1,38125.0
01/01/2012 12:00:00 AM,2,1,0,1,19530.0
01/01/2012 12:00:00 AM,2,1,0,1,12515.0
01/01/2012 12:00:00 AM,2,1,0,1,7813.0
01/01/2012 12:00:00 AM,2,1,0,0,34505.0
01/01/2012 12:00:00 AM,2,1,0,0,42768.0
01/01/2012 12:00:00 AM,2,1,0,0,122757.0
01/01/2012 12:00:00 AM,2,1,0,1,63083.0
01/01/2012 12:00:00 AM,2,1,0,1,62391.0
01/01/2012 12:00:00 AM,2,1,0,1,21505.0
01/01/2012 12:00:00 AM,2,1,0,1,21430.0
01/01/2012 12:00:00 AM,2,1,1,0,6274.0
01/01/2012 12:00:00 AM,2,1,1,0,27496.0
01/01/2012 12:00:00 AM,2,1,1,0,62706.0
01/01/2012 12:00:00 AM,2,1,1,0,106452.0
01/01/2012 12:00:00 AM,2,1,1,1,81133.0
01/01/2012 12:00:00 AM,2,1,1,1,74258.0
01/01/2012 12:00:00 AM,2,1,1,1,61326.0
01/01/2012 12:00:00 AM,2,1,1,1,59412.0
01/01/2012 12:00:00 AM,2,1,1,0,14562.0
01/01/2012 12:00:00 AM,2,1,1,0,16823.0
01/01/2012 12:00:00 AM,2,1,1,0,39590.0
01/01/2012 12:00:00 AM,2,1,1,0,106794.0
01/01/2012 12:00:00 AM,2,1,1,1,107542.0
01/01/2012 12:00:00 AM,2,1,1,1,91063.0
01/01/2012 12:00:00 AM,2,1,1,1,136530.0
01/01/2012 12:00:00 AM,2,1,1,1,207930.0
01/01/2012 12:00:00 AM,2,0,0,0,78939.0
01/01/2012 12:00:00 AM,2,0,0,0,171363.0
01/01/2012 12:00:00 AM,2,0,0,0,128893.0
01/01/2012 12:00:00 AM,2,0,0,0,93246.0
01/01/2012 12:00:00 AM,2,0,0,1,8966.0
01/01/2012 12:00:00 AM,2,0,0,1,9325.0
01/01/2012 12:00:00 AM,2,0,0,1,9308.0
01/01/2012 12:00:00 AM,2,0,0,0,40812.0
01/01/2012 12:00:00 AM,2,0,0,0,138731.0
01/01/2012 12:00:00 AM,2,0,0,0,168905.0
01/01/2012 12:00:00 AM,2,0,0,0,202994.0
01/01/2012 12:00:00 AM,2,0,0,1,65999.0
01/01/2012 12:00:00 AM,2,0,0,1,43410.0
01/01/2012 12:00:00 AM,2,0,0,1,35359.0
01/01/2012 12:00:00 AM,2,0,0,1,26205.0
01/01/2012 12:00:00 AM,2,0,1,0,28392.0
01/01/2012 12:00:00 AM,2,0,1,0,57101.0
01/01/2012 12:00:00 AM,2,0,1,0,103317.0
01/01/2012 12:00:00 AM,2,0,1,0,146503.0
01/01/2012 12:00:00 AM,2,0,1,1,84364.0
01/01/2012 12:00:00 AM,2,0,1,1,34919.0
01/01/2012 12:00:00 AM,2,0,1,1,43737.0
01/01/2012 12:00:00 AM,2,0,1,1,23888.0
01/01/2012 12:00:00 AM,2,0,1,0,11184.0
01/01/2012 12:00:00 AM,2,0,1,0,61123.0
01/01/2012 12:00:00 AM,2,0,1,0,71204.0
01/01/2012 12:00:00 AM,2,0,1,0,81556.0
01/01/2012 12:00:00 AM,2,0,1,1,68744.0
01/01/2012 12:00:00 AM,2,0,1,1,99010.0
01/01/2012 12:00:00 AM,2,0,1,1,75288.0
01/01/2012 12:00:00 AM,2,0,1,1,71088.0
01/01/2013 12:00:00 AM,0,1,0,0,660627.0
01/01/2013 12:00:00 AM,0,1,0,0,14929.0
01/01/2013 12:00:00 AM,0,1,0,0,4907.0
01/01/2013 12:00:00 AM,0,1,0,0,6336.0
01/01/2013 12:00:00 AM,0,1,0,1,1435.0
01/01/2013 12:00:00 AM,0,1,0,0,1405.0
01/01/2013 12:00:00 AM,0,1,1,0,2212.0
01/01/2013 12:00:00 AM,0,0,0,0,652219.0
01/01/2013 12:00:00 AM,0,0,0,0,21792.0
01/01/2013 12:00:00 AM,0,0,0,0,10299.0
01/01/2013 12:00:00 AM,0,0,0,0,5073.0
01/01/2013 12:00:00 AM,0,0,0,0,8651.0
01/01/2013 12:00:00 AM,0,0,0,0,8226.0
01/01/2013 12:00:00 AM,0,0,1,0,4419.0
01/01/2013 12:00:00 AM,0,0,1,0,1956.0
01/01/2013 12:00:00 AM,0,0,1,0,1689.0
01/01/2013 12:00:00 AM,0,0,1,1,1283.0
01/01/2013 12:00:00 AM,1,1,0,0,348812.0
01/01/2013 12:00:00 AM,1,1,0,0,209881.0
01/01/2013 12:00:00 AM,1,1,0,0,248722.0
01/01/2013 12:00:00 AM,1,1,0,0,473160.0
01/01/2013 12:00:00 AM,1,1,0,1,287918.0
01/01/2013 12:00:00 AM,1,1,0,1,163709.0
01/01/2013 12:00:00 AM,1,1,0,1,86281.0
01/01/2013 12:00:00 AM,1,1,0,1,30760.0
01/01/2013 12:00:00 AM,1,1,0,0,372961.0
01/01/2013 12:00:00 AM,1,1,0,0,184943.0
01/01/2013 12:00:00 AM,1,1,0,0,258773.0
01/01/2013 12:00:00 AM,1,1,0,0,425530.0
01/01/2013 12:00:00 AM,1,1,0,1,438925.0
01/01/2013 12:00:00 AM,1,1,0,1,456199.0
01/01/2013 12:00:00 AM,1,1,0,1,334524.0
01/01/2013 12:00:00 AM,1,1,0,1,235147.0
01/01/2013 12:00:00 AM,1,1,1,0,356010.0
01/01/2013 12:00:00 AM,1,1,1,0,258589.0
01/01/2013 12:00:00 AM,1,1,1,0,287720.0
01/01/2013 12:00:00 AM,1,1,1,0,502982.0
01/01/2013 12:00:00 AM,1,1,1,1,432793.0
01/01/2013 12:00:00 AM,1,1,1,1,473400.0
01/01/2013 12:00:00 AM,1,1,1,1,449846.0
01/01/2013 12:00:00 AM,1,1,1,1,490899.0
01/01/2013 12:00:00 AM,1,1,1,0,138459.0
01/01/2013 12:00:00 AM,1,1,1,0,67986.0
01/01/2013 12:00:00 AM,1,1,1,0,125136.0
01/01/2013 12:00:00 AM,1,1,1,0,252257.0
01/01/2013 12:00:00 AM,1,1,1,1,282909.0
01/01/2013 12:00:00 AM,1,1,1,1,405494.0
01/01/2013 12:00:00 AM,1,1,1,1,599541.0
01/01/2013 12:00:00 AM,1,1,1,1,1643095.0
01/01/2013 12:00:00 AM,1,0,0,0,637445.0
01/01/2013 12:00:00 AM,1,0,0,0,225537.0
01/01/2013 12:00:00 AM,1,0,0,0,229231.0
01/01/2013 12:00:00 AM,1,0,0,0,284092.0
01/01/2013 12:00:00 AM,1,0,0,1,99143.0
01/01/2013 12:00:00 AM,1,0,0,1,52571.0
01/01/2013 12:00:00 AM,1,0,0,1,15944.0
01/01/2013 12:00:00 AM,1,0,0,1,3886.0
01/01/2013 12:00:00 AM,1,0,0,0,664769.0
01/01/2013 12:00:00 AM,1,0,0,0,245728.0
01/01/2013 12:00:00 AM,1,0,0,0,265604.0
01/01/2013 12:00:00 AM,1,0,0,0,466935.0
01/01/2013 12:00:00 AM,1,0,0,1,293672.0
01/01/2013 12:00:00 AM,1,0,0,1,238689.0
01/01/2013 12:00:00 AM,1,0,0,1,134465.0
01/01/2013 12:00:00 AM,1,0,0,1,61381.0
01/01/2013 12:00:00 AM,1,0,1,0,531822.0
01/01/2013 12:00:00 AM,1,0,1,0,380107.0
01/01/2013 12:00:00 AM,1,0,1,0,384072.0
01/01/2013 12:00:00 AM,1,0,1,0,617513.0
01/01/2013 12:00:00 AM,1,0,1,1,453189.0
01/01/2013 12:00:00 AM,1,0,1,1,497833.0
01/01/2013 12:00:00 AM,1,0,1,1,399381.0
01/01/2013 12:00:00 AM,1,0,1,1,200690.0
01/01/2013 12:00:00 AM,1,0,1,0,325064.0
01/01/2013 12:00:00 AM,1,0,1,0,199405.0
01/01/2013 12:00:00 AM,1,0,1,0,160795.0
01/01/2013 12:00:00 AM,1,0,1,0,350595.0
01/01/2013 12:00:00 AM,1,0,1,1,340393.0
01/01/2013 12:00:00 AM,1,0,1,1,510047.0
01/01/2013 12:00:00 AM,1,0,1,1,675331.0
01/01/2013 12:00:00 AM,1,0,1,1,917079.0
01/01/2013 12:00:00 AM,2,1,0,0,32602.0
01/01/2013 12:00:00 AM,2,1,0,0,75138.0
01/01/2013 12:00:00 AM,2,1,0,0,102504.0
01/01/2013 12:00:00 AM,2,1,0,0,59541.0
01/01/2013 12:00:00 AM,2,1,0,1,23400.0
01/01/2013 12:00:00 AM,2,1,0,1,21275.0
01/01/2013 12:00:00 AM,2,1,0,1,24001.0
01/01/2013 12:00:00 AM,2,1,0,0,13764.0
01/01/2013 12:00:00 AM,2,1,0,0,41378.0
01/01/2013 12:00:00 AM,2,1,0,0,53241.0
01/01/2013 12:00:00 AM,2,1,0,0,112400.0
01/01/2013 12:00:00 AM,2,1,0,1,74106.0
01/01/2013 12:00:00 AM,2,1,0,1,52529.0
01/01/2013 12:00:00 AM,2,1,0,1,26962.0
01/01/2013 12:00:00 AM,2,1,0,1,26720.0
01/01/2013 12:00:00 AM,2,1,1,0,4295.0
01/01/2013 12:00:00 AM,2,1,1,0,21398.0
01/01/2013 12:00:00 AM,2,1,1,0,38857.0
01/01/2013 12:00:00 AM,2,1,1,0,121937.0
01/01/2013 12:00:00 AM,2,1,1,1,90111.0
01/01/2013 12:00:00 AM,2,1,1,1,86950.0
01/01/2013 12:00:00 AM,2,1,1,1,72542.0
01/01/2013 12:00:00 AM,2,1,1,1,70476.0
01/01/2013 12:00:00 AM,2,1,1,0,24761.0
01/01/2013 12:00:00 AM,2,1,1,0,33040.0
01/01/2013 12:00:00 AM,2,1,1,0,40105.0
01/01/2013 12:00:00 AM,2,1,1,0,125756.0
01/01/2013 12:00:00 AM,2,1,1,1,89569.0
01/01/2013 12:00:00 AM,2,1,1,1,88804.0
01/01/2013 12:00:00 AM,2,1,1,1,122689.0
01/01/2013 12:00:00 AM,2,1,1,1,250033.0
01/01/2013 12:00:00 AM,2,0,0,0,70893.0
01/01/2013 12:00:00 AM,2,0,0,0,150694.0
01/01/2013 12:00:00 AM,2,0,0,0,177955.0
01/01/2013 12:00:00 AM,2,0,0,0,46652.0
01/01/2013 12:00:00 AM,2,0,0,1,11131.0
01/01/2013 12:00:00 AM,2,0,0,1,8609.0
01/01/2013 12:00:00 AM,2,0,0,1,7600.0
01/01/2013 12:00:00 AM,2,0,0,1,3026.0
01/01/2013 12:00:00 AM,2,0,0,0,43226.0
01/01/2013 12:00:00 AM,2,0,0,0,112957.0
01/01/2013 12:00:00 AM,2,0,0,0,194765.0
01/01/2013 12:00:00 AM,2,0,0,0,221218.0
01/01/2013 12:00:00 AM,2,0,0,1,36333.0
01/01/2013 12:00:00 AM,2,0,0,1,29427.0
01/01/2013 12:00:00 AM,2,0,0,1,20412.0
01/01/2013 12:00:00 AM,2,0,0,1,8493.0
01/01/2013 12:00:00 AM,2,0,1,0,13731.0
01/01/2013 12:00:00 AM,2,0,1,0,85075.0
01/01/2013 12:00:00 AM,2,0,1,0,131819.0
01/01/2013 12:00:00 AM,2,0,1,0,181219.0
01/01/2013 12:00:00 AM,2,0,1,1,56178.0
01/01/2013 12:00:00 AM,2,0,1,1,49614.0
01/01/2013 12:00:00 AM,2,0,1,1,57827.0
01/01/2013 12:00:00 AM,2,0,1,1,39607.0
01/01/2013 12:00:00 AM,2,0,1,0,29147.0
01/01/2013 12:00:00 AM,2,0,1,0,48558.0
01/01/2013 12:00:00 AM,2,0,1,0,87412.0
01/01/2013 12:00:00 AM,2,0,1,0,94601.0
01/01/2013 12:00:00 AM,2,0,1,1,58537.0
01/01/2013 12:00:00 AM,2,0,1,1,49722.0
01/01/2013 12:00:00 AM,2,0,1,1,70534.0
01/01/2013 12:00:00 AM,2,0,1,1,94383.0
01/01/2014 12:00:00 AM,0,1,0,0,610313.0
01/01/2014 12:00:00 AM,0,1,0,0,26380.0
01/01/2014 12:00:00 AM,0,1,0,0,11857.0
01/01/2014 12:00:00 AM,0,1,0,0,3920.0
01/01/2014 12:00:00 AM,0,1,0,0,15741.0
01/01/2014 12:00:00 AM,0,1,0,0,2048.0
01/01/2014 12:00:00 AM,0,1,0,0,4355.0
01/01/2014 12:00:00 AM,0,1,1,0,1664.0
01/01/2014 12:00:00 AM,0,0,0,0,639596.0
01/01/2014 12:00:00 AM,0,0,0,0,15795.0
01/01/2014 12:00:00 AM,0,0,0,0,13768.0
01/01/2014 12:00:00 AM,0,0,0,1,3265.0
01/01/2014 12:00:00 AM,0,0,0,0,1583.0
01/01/2014 12:00:00 AM,0,0,0,0,3116.0
01/01/2014 12:00:00 AM,0,0,0,1,2190.0
01/01/2014 12:00:00 AM,0,0,1,0,1356.0
01/01/2014 12:00:00 AM,0,0,1,0,2776.0
01/01/2014 12:00:00 AM,0,0,1,0,2471.0
01/01/2014 12:00:00 AM,1,1,0,0,376783.0
01/01/2014 12:00:00 AM,1,1,0,0,158572.0
01/01/2014 12:00:00 AM,1,1,0,0,231957.0
01/01/2014 12:00:00 AM,1,1,0,0,460129.0
01/01/2014 12:00:00 AM,1,1,0,1,288460.0
01/01/2014 12:00:00 AM,1,1,0,1,194888.0
01/01/2014 12:00:00 AM,1,1,0,1,104646.0
01/01/2014 12:00:00 AM,1,1,0,1,54734.0
01/01/2014 12:00:00 AM,1,1,0,0,405204.0
01/01/2014 12:00:00 AM,1,1,0,0,238754.0
01/01/2014 12:00:00 AM,1,1,0,0,200365.0
01/01/2014 12:00:00 AM,1,1,0,0,520580.0
01/01/2014 12:00:00 AM,1,1,0,1,467906.0
01/01/2014 12:00:00 AM,1,1,0,1,418051.0
01/01/2014 12:00:00 AM,1,1,0,1,322511.0
01/01/2014 12:00:00 AM,1,1,0,1,227515.0
01/01/2014 12:00:00 AM,1,1,1,0,343156.0
01/01/2014 12:00:00 AM,1,1,1,0,255129.0
01/01/2014 12:00:00 AM,1,1,1,0,278291.0
01/01/2014 12:00:00 AM,1,1,1,0,556174.0
01/01/2014 12:00:00 AM,1,1,1,1,371185.0
01/01/2014 12:00:00 AM,1,1,1,1,495675.0
01/01/2014 12:00:00 AM,1,1,1,1,423087.0
01/01/2014 12:00:00 AM,1,1,1,1,495187.0
01/01/2014 12:00:00 AM,1,1,1,0,181482.0
01/01/2014 12:00:00 AM,1,1,1,0,86481.0
01/01/2014 12:00:00 AM,1,1,1,0,104462.0
01/01/2014 12:00:00 AM,1,1,1,0,233954.0
01/01/2014 12:00:00 AM,1,1,1,1,218789.0
01/01/2014 12:00:00 AM,1,1,1,1,357532.0
01/01/2014 12:00:00 AM,1,1,1,1,682425.0
01/01/2014 12:00:00 AM,1,1,1,1,1628605.0
01/01/2014 12:00:00 AM,1,0,0,0,723208.0
01/01/2014 12:00:00 AM,1,0,0,0,239883.0
01/01/2014 12:00:00 AM,1,0,0,0,189839.0
01/01/2014 12:00:00 AM,1,0,0,0,277974.0
01/01/2014 12:00:00 AM,1,0,0,1,120389.0
01/01/2014 12:00:00 AM,1,0,0,1,43218.0
01/01/2014 12:00:00 AM,1,0,0,1,14635.0
01/01/2014 12:00:00 AM,1,0,0,1,2058.0
01/01/2014 12:00:00 AM,1,0,0,0,670294.0
01/01/2014 12:00:00 AM,1,0,0,0,266348.0
01/01/2014 12:00:00 AM,1,0,0,0,272824.0
01/01/2014 12:00:00 AM,1,0,0,0,453432.0
01/01/2014 12:00:00 AM,1,0,0,1,318868.0
01/01/2014 12:00:00 AM,1,0,0,1,245318.0
01/01/2014 12:00:00 AM,1,0,0,1,128589.0
01/01/2014 12:00:00 AM,1,0,0,1,52375.0
01/01/2014 12:00:00 AM,1,0,1,0,581907.0
01/01/2014 12:00:00 AM,1,0,1,0,404151.0
01/01/2014 12:00:00 AM,1,0,1,0,389764.0
01/01/2014 12:00:00 AM,1,0,1,0,483518.0
01/01/2014 12:00:00 AM,1,0,1,1,528017.0
01/01/2014 12:00:00 AM,1,0,1,1,469153.0
01/01/2014 12:00:00 AM,1,0,1,1,344454.0
01/01/2014 12:00:00 AM,1,0,1,1,155579.0
01/01/2014 12:00:00 AM,1,0,1,0,359264.0
01/01/2014 12:00:00 AM,1,0,1,0,148975.0
01/01/2014 12:00:00 AM,1,0,1,0,206941.0
01/01/2014 12:00:00 AM,1,0,1,0,352744.0
01/01/2014 12:00:00 AM,1,0,1,1,340611.0
01/01/2014 12:00:00 AM,1,0,1,1,531019.0
01/01/2014 12:00:00 AM,1,0,1,1,660048.0
01/01/2014 12:00:00 AM,1,0,1,1,953282.0
01/01/2014 12:00:00 AM,2,1,0,0,31263.0
01/01/2014 12:00:00 AM,2,1,0,0,40404.0
01/01/2014 12:00:00 AM,2,1,0,0,81810.0
01/01/2014 12:00:00 AM,2,1,0,0,76893.0
01/01/2014 12:00:00 AM,2,1,0,1,32058.0
01/01/2014 12:00:00 AM,2,1,0,1,15212.0
01/01/2014 12:00:00 AM,2,1,0,1,8569.0
01/01/2014 12:00:00 AM,2,1,0,1,2153.0
01/01/2014 12:00:00 AM,2,1,0,0,28914.0
01/01/2014 12:00:00 AM,2,1,0,0,44824.0
01/01/2014 12:00:00 AM,2,1,0,0,66527.0
01/01/2014 12:00:00 AM,2,1,0,0,116746.0
01/01/2014 12:00:00 AM,2,1,0,1,80555.0
01/01/2014 12:00:00 AM,2,1,0,1,64170.0
01/01/2014 12:00:00 AM,2,1,0,1,40307.0
01/01/2014 12:00:00 AM,2,1,0,1,36180.0
01/01/2014 12:00:00 AM,2,1,1,0,27344.0
01/01/2014 12:00:00 AM,2,1,1,0,15423.0
01/01/2014 12:00:00 AM,2,1,1,0,45185.0
01/01/2014 12:00:00 AM,2,1,1,0,101765.0
01/01/2014 12:00:00 AM,2,1,1,1,96958.0
01/01/2014 12:00:00 AM,2,1,1,1,83427.0
01/01/2014 12:00:00 AM,2,1,1,1,53141.0
01/01/2014 12:00:00 AM,2,1,1,1,42633.0
01/01/2014 12:00:00 AM,2,1,1,0,19286.0
01/01/2014 12:00:00 AM,2,1,1,0,28093.0
01/01/2014 12:00:00 AM,2,1,1,0,36463.0
01/01/2014 12:00:00 AM,2,1,1,0,103998.0
01/01/2014 12:00:00 AM,2,1,1,1,74877.0
01/01/2014 12:00:00 AM,2,1,1,1,120656.0
01/01/2014 12:00:00 AM,2,1,1,1,154551.0
01/01/2014 12:00:00 AM,2,1,1,1,294802.0
01/01/2014 12:00:00 AM,2,0,0,0,73275.0
01/01/2014 12:00:00 AM,2,0,0,0,158180.0
01/01/2014 12:00:00 AM,2,0,0,0,161001.0
01/01/2014 12:00:00 AM,2,0,0,0,60502.0
01/01/2014 12:00:00 AM,2,0,0,1,23657.0
01/01/2014 12:00:00 AM,2,0,0,1,7261.0
01/01/2014 12:00:00 AM,2,0,0,1,4666.0
01/01/2014 12:00:00 AM,2,0,0,0,57461.0
01/01/2014 12:00:00 AM,2,0,0,0,76573.0
01/01/2014 12:00:00 AM,2,0,0,0,152945.0
01/01/2014 12:00:00 AM,2,0,0,0,161619.0
01/01/2014 12:00:00 AM,2,0,0,1,61889.0
01/01/2014 12:00:00 AM,2,0,0,1,55265.0
01/01/2014 12:00:00 AM,2,0,0,1,34110.0
01/01/2014 12:00:00 AM,2,0,0,1,7122.0
01/01/2014 12:00:00 AM,2,0,1,0,32604.0
01/01/2014 12:00:00 AM,2,0,1,0,135938.0
01/01/2014 12:00:00 AM,2,0,1,0,85356.0
01/01/2014 12:00:00 AM,2,0,1,0,203800.0
01/01/2014 12:00:00 AM,2,0,1,1,95482.0
01/01/2014 12:00:00 AM,2,0,1,1,64166.0
01/01/2014 12:00:00 AM,2,0,1,1,63144.0
01/01/2014 12:00:00 AM,2,0,1,1,54704.0
01/01/2014 12:00:00 AM,2,0,1,0,15459.0
01/01/2014 12:00:00 AM,2,0,1,0,62471.0
01/01/2014 12:00:00 AM,2,0,1,0,104583.0
01/01/2014 12:00:00 AM,2,0,1,0,82988.0
01/01/2014 12:00:00 AM,2,0,1,1,59607.0
01/01/2014 12:00:00 AM,2,0,1,1,113584.0
01/01/2014 12:00:00 AM,2,0,1,1,97657.0
01/01/2014 12:00:00 AM,2,0,1,1,110009.0
